,BIZCON,RDNMADR
0,여관업,한남동
1,여관업,한남동
2,여관업,용산동
3,여관업,원효로3가
4,여관업,청파동
5,여관업,원효로2가
6,여관업,한강로2가
7,여관업,한강로3가
8,여관업,한강로3가
9,여인숙업,동자동
10,여인숙업,동자동
11,여인숙업,용산동
12,여관업,이촌동
13,여관업,남영동
14,여관업,후암동
15,여관업,청파동
16,여관업,서계동
17,여관업,한강로3가
18,여관업,한강로3가
19,여관업,한강로3가
20,여인숙업,동자동
21,여관업,동자동
22,여관업,남영동
23,여관업,갈월동
24,관광호텔,이태원동
25,여관업,한강로2가
26,관광호텔,한남동
27,관광호텔,이태원동
28,여관업,이태원동
29,여인숙업,동자동
30,여관업,한남동
31,여관업,한강로2가
32,여관업,원효로2가
33,관광호텔,갈월동
34,여관업,청파동
35,관광호텔,한남동
36,여관업,한강로3가
37,여관업,동빙고동
38,여인숙업,동자동
39,여인숙업,한강로3가
40,여관업,이태원동
41,여관업,한강로3가
42,여관업,이태원동
43,여관업,남영동
44,여관업,동자동
45,여관업,후암동
46,여관업,한강로2가
47,여관업,보광동
48,여관업,남영동
49,여관업,한강로3가
50,여관업,서계동
51,여인숙업,동자동
52,여관업,원효로3가
53,관광호텔,이태원동
54,일반호텔,갈월동
55,여관업,갈월동
56,관광호텔,이태원동
57,관광호텔,동자동
58,여인숙업,동자동
59,관광호텔,이태원동
60,관광호텔,동자동
61,관광호텔,갈월동
62,여관업,금호동
63,여관업,성수동
64,여관업,하왕십리동
65,여관업,도선동
66,여관업,금호동
67,여인숙업,행당동
68,여관업,도선동
69,여관업,None
70,여관업,성수동
71,여관업,성수동
72,여관업,옥수동
73,여관업,금호동
74,여관업,도선동
75,여관업,송정동
76,여관업,성수동
77,여관업,성수동
78,여관업,성수동
79,여관업,성수동
80,여관업,성수동
81,여관업,금호동
82,여관업,용답동
83,여관업,송정동
84,여관업,행당동
85,여관업,금호동
86,여관업,행당동
87,여관업,금호동
88,여관업,성수동
89,여관업,금호동
90,여관업,성수동
91,여관업,성수동
92,여관업,성수동
93,여관업,송정동
94,여관업,마장동
95,여관업,금호동
96,관광호텔,용답동
97,여관업,송정동
98,여관업,용답동
99,여관업,도선동
100,여관업,도선동
101,여관업,도선동
102,여관업,도선동
103,여관업,도선동
104,일반호텔,도선동
105,여관업,도선동
106,여관업,도선동
107,여관업,도선동
108,여관업,도선동
109,여관업,도선동
110,여관업,도선동
111,여관업,도선동
112,여관업,도선동
113,여관업,도선동
114,일반호텔,성수동
115,여관업,마장동
116,여관업,성수동
117,여관업,성수동
118,여관업,용답동
119,여관업,성수동
120,여관업,용답동
121,숙박업 기타,태평로2가
122,관광호텔,을지로5가
123,관광호텔,소공동
124,일반호텔,을지로6가
125,관광호텔,북창동
126,여관업,을지로3가
127,여관업,남대문로5가
128,여관업,광희동
129,관광호텔,장교동
130,관광호텔,충무로2가
131,일반호텔,초동
132,일반호텔,충무로4가
133,일반호텔,충무로4가
134,관광호텔,을지로5가
135,일반호텔,명동
136,관광호텔,광희동
137,숙박업 기타,광희동
138,일반호텔,명동
139,관광호텔,남대문로4가
140,관광호텔,회현동
141,관광호텔,을지로6가
142,관광호텔,충무로3가
143,관광호텔,을지로5가
144,숙박업 기타,필동
145,관광호텔,명동
146,숙박업 기타,명동
147,숙박업 기타,광희동
148,숙박업 기타,충무로4가
149,일반호텔,신당동
150,관광호텔,다동
151,숙박업 기타,을지로3가
152,관광호텔,광희동
153,일반호텔,충무로2가
154,관광호텔,명동
155,관광호텔,남산동
156,관광호텔,초동
157,숙박업 기타,명동
158,숙박업 기타,명동
159,관광호텔,남산동
160,관광호텔,저동
161,여관업,북창동
162,숙박업 기타,충무로3가
163,관광호텔,남산동
164,관광호텔,남산동
165,숙박업 기타,남대문로5가
166,숙박업 기타,충무로2가
167,숙박업 기타,명동
168,일반호텔,충무로2가
169,여관업,북창동
170,여관업,중림동
171,관광호텔,장충동
172,여관업,신당동
173,관광호텔,남대문로5가
174,관광호텔,장충동
175,관광호텔,명동
176,여관업,광희동
177,여관업,황학동
178,여관업,충무로2가
179,관광호텔,회현동
180,여관업,흥인동
181,여관업,황학동
182,관광호텔,소공동
183,여관업,을지로3가
184,여관업,회현동
185,여관업,충무로5가
186,여인숙업,신당동
187,여관업,충무로4가
188,여관업,광희동
189,여인숙업,None
190,여관업,신당동
191,여관업,신당동
192,여관업,황학동
193,여관업,을지로6가
194,여관업,저동
195,여관업,신당동
196,여관업,남창동
197,여인숙업,신당동
198,여관업,을지로3가
199,여관업,장충동
200,여관업,장충동
201,여관업,광희동
202,여관업,무학동
203,여관업,을지로4가
204,여관업,광희동
205,여관업,광희동
206,여관업,남창동
207,여관업,남대문로5가
208,여인숙업,중림동
209,여관업,장충동
210,여관업,광희동
211,여관업,남대문로5가
212,여관업,회현동
213,여관업,장충동
214,여관업,태평로2가
215,여관업,신당동
216,여관업,황학동
217,여관업,None
218,일반호텔,회현동
219,여관업,필동
220,여관업,광희동
221,여관업,충무로2가
222,여관업,신당동
223,여관업,광희동
224,여관업,광희동
225,여관업,중림동
226,여관업,신당동
227,여관업,회현동
228,여관업,신당동
229,여관업,무학동
230,여관업,광희동
231,여관업,흥인동
232,관광호텔,장충동
233,일반호텔,쌍림동
234,여관업,을지로6가
235,여관업,광희동
236,여관업,광희동
237,여관업,남대문로5가
238,여관업,광희동
239,여관업,초동
240,여관업,신당동
241,여관업,신당동
242,여관업,회현동
243,여인숙업,황학동
244,여관업,인현동
245,여인숙업,중림동
246,여관업,신당동
247,여관업,신당동
248,여인숙업,중림동
249,여인숙업,만리동
250,여관업,신당동
251,여관업,신당동
252,여관업,필동
253,여관업,장충동
254,여인숙업,None
255,여관업,산림동
256,여관업,남산동
257,여관업,신당동
258,여관업,None
259,여관업,중림동
260,여관업,입정동
261,여인숙업,황학동
262,여관업,장충동
263,여관업,신당동
264,여관업,중림동
265,여인숙업,만리동
266,여관업,신당동
267,여관업,신당동
268,여관업,신당동
269,여인숙업,None
270,여관업,을지로7가
271,여인숙업,황학동
272,여인숙업,신당동
273,여관업,남산동
274,여인숙업,None
275,여관업,황학동
276,여관업,황학동
277,여관업,장충동
278,여관업,회현동
279,여관업,None
280,여관업,회현동
281,여관업,주교동
282,여관업,장충동
283,여관업,무학동
284,여관업,태평로2가
285,여관업,수표동
286,여인숙업,제기동
287,여인숙업,휘경동
288,여관업,이문동
289,여관업,용두동
290,여관업,용두동
291,여관업,이문동
292,여관업,전농동
293,여인숙업,제기동
294,여인숙업,제기동
295,여인숙업,제기동
296,여인숙업,제기동
297,여관업,회기동
298,여관업,이문동
299,여관업,휘경동
300,여관업,용두동
301,여관업,제기동
302,여관업,전농동
303,여관업,전농동
304,여관업,제기동
305,여관업,전농동
306,여인숙업,제기동
307,여인숙업,제기동
308,여인숙업,제기동
309,여인숙업,전농동
310,여관업,휘경동
311,여관업,이문동
312,여관업,용두동
313,여관업,용두동
314,여관업,전농동
315,여관업,제기동
316,여관업,이문동
317,여관업,청량리동
318,여관업,청량리동
319,여관업,이문동
320,여인숙업,전농동
321,여관업,휘경동
322,여관업,이문동
323,여관업,이문동
324,여관업,이문동
325,여관업,회기동
326,여관업,답십리동
327,여관업,용두동
328,여관업,용두동
329,여인숙업,제기동
330,여관업,신설동
331,여관업,답십리동
332,여관업,제기동
333,여인숙업,휘경동
334,여인숙업,용두동
335,여인숙업,제기동
336,여인숙업,제기동
337,여인숙업,제기동
338,여인숙업,청량리동
339,여관업,답십리동
340,여관업,용두동
341,여인숙업,제기동
342,여관업,용두동
343,여관업,전농동
344,여관업,청량리동
345,여인숙업,전농동
346,여관업,신설동
347,여관업,청량리동
348,여관업,용두동
349,여관업,답십리동
350,여관업,전농동
351,여관업,전농동
352,여관업,장안동
353,여관업,장안동
354,여인숙업,제기동
355,여관업,제기동
356,여관업,장안동
357,여관업,휘경동
358,여관업,답십리동
359,여관업,장안동
360,여관업,장안동
361,여인숙업,신설동
362,여인숙업,청량리동
363,여관업,장안동
364,여관업,휘경동
365,여관업,신설동
366,여관업,휘경동
367,여관업,답십리동
368,여관업,답십리동
369,여관업,답십리동
370,여관업,장안동
371,여관업,장안동
372,여관업,장안동
373,여관업,장안동
374,여관업,장안동
375,여관업,창신동
376,여관업,창신동
377,여관업,숭인동
378,일반호텔,관수동
379,여관업,창신동
380,여관업,명륜3가
381,여관업,숭인동
382,여관업,숭인동
383,여관업,숭인동
384,여관업,창신동
385,여관업,숭인동
386,여인숙업,창신동
387,여인숙업,숭인동
388,여관업,익선동
389,여관업,숭인동
390,여관업,숭인동
391,여관업,효제동
392,여인숙업,창신동
393,관광호텔,장사동
394,여관업,교북동
395,여관업,숭인동
396,여관업,숭인동
397,여관업,숭인동
398,여인숙업,창신동
399,여인숙업,숭인동
400,관광호텔,창신동
401,여관업,권농동
402,여관업,창신동
403,여관업,숭인동
404,여관업,숭인동
405,여인숙업,숭인동
406,여관업,체부동
407,여관업,창신동
408,여인숙업,숭인동
409,여인숙업,숭인동
410,여관업,당주동
411,여관업,창신동
412,관광호텔,창신동
413,여관업,효제동
414,여인숙업,창신동
415,여인숙업,숭인동
416,관광호텔,종로2가
417,여관업,종로3가
418,여관업,종로6가
419,여관업,종로5가
420,여인숙업,관수동
421,여인숙업,종로5가
422,여관업,묘동
423,여관업,관철동
424,여관업,종로6가
425,여관업,익선동
426,여관업,명륜4가
427,여관업,운니동
428,여관업,관철동
429,여관업,관수동
430,여관업,명륜2가
431,여인숙업,종로5가
432,여관업,낙원동
433,여관업,낙원동
434,여관업,창신동
435,일반호텔,낙원동
436,일반호텔,낙원동
437,여관업,인사동
438,여관업,효제동
439,여인숙업,창신동
440,여관업,관수동
441,여관업,원남동
442,여관업,효제동
443,여관업,숭인동
444,여관업,사직동
445,여관업,관수동
446,여관업,낙원동
447,여관업,창신동
448,여관업,돈의동
449,여관업,창신동
450,여관업,창신동
451,여관업,종로6가
452,여인숙업,창신동
453,여인숙업,인사동
454,여인숙업,종로5가
455,여관업,관훈동
456,여관업,창신동
457,여관업,홍지동
458,여관업,와룡동
459,여관업,효제동
460,여관업,홍지동
461,여인숙업,창신동
462,여관업,돈의동
463,여관업,구기동
464,여관업,당주동
465,여관업,창신동
466,여관업,필운동
467,여관업,관훈동
468,여관업,관훈동
469,여관업,창신동
470,여관업,명륜2가
471,여관업,명륜4가
472,여관업,창신동
473,여관업,돈의동
474,여관업,숭인동
475,일반호텔,당주동
476,숙박업 기타,관철동
477,일반호텔,수송동
478,일반호텔,낙원동
479,숙박업 기타,관철동
480,관광호텔,관수동
481,여관업,숭인동
482,여인숙업,관철동
483,여관업,산림동
484,여관업,회현동
485,여관업,회현동
486,여관업,회현동
487,여관업,회현동
488,관광호텔,충무로1가
489,관광호텔,을지로2가
490,여인숙업,None
491,여관업,남산동
492,여관업,입정동
493,여관업,초동
494,여관업,남학동
495,여관업,신당동
496,여관업,을지로7가
497,관광호텔,회현동
498,여관업,남학동
499,여관업,황학동
500,여관업,회현동
501,여관업,광희동
502,여관업,회현동
503,여관업,남산동
504,여관업,신당동
505,여관업,필동
506,관광호텔,충무로2가
507,여관업,무학동
508,관광호텔,태평로1가
509,관광호텔,남산동
510,여관업,충무로2가
511,여관업,신당동
512,여관업,황학동
513,관광호텔,소공동
514,관광호텔,인현동
515,관광호텔,회현동
516,여관업,신당동
517,여관업,회현동
518,여관업,회현동
519,여관업,신당동
520,관광호텔,태평로1가
521,일반호텔,회현동
522,여관업,남산동
523,여관업,필동
524,여관업,광희동
525,관광호텔,을지로1가
526,여관업,만리동
527,여관업,주교동
528,일반호텔,을지로5가
529,여관업,초동
530,여관업,북창동
531,관광호텔,남산동
532,여관업,중림동
533,여관업,황학동
534,여관업,황학동
535,관광호텔,태평로2가
536,관광호텔,태평로1가
537,여관업,충정로1가
538,여관업,광희동
539,여관업,남대문로5가
540,여관업,충무로4가
541,여관업,을지로6가
542,여관업,황학동
543,여관업,숭인동
544,여관업,원남동
545,여관업,종로5가
546,여관업,효제동
547,여관업,관훈동
548,여관업,관훈동
549,여관업,낙원동
550,여관업,종로5가
551,여인숙업,창신동
552,여인숙업,창신동
553,여인숙업,창신동
554,여관업,숭인동
555,여관업,수송동
556,여관업,낙원동
557,여관업,효제동
558,여관업,명륜4가
559,여관업,숭인동
560,여관업,명륜4가
561,여관업,관수동
562,여관업,돈의동
563,여관업,봉익동
564,여관업,숭인동
565,여관업,익선동
566,여관업,숭인동
567,여관업,관훈동
568,여관업,숭인동
569,여관업,돈의동
570,여관업,숭인동
571,여관업,숭인동
572,여관업,효제동
573,여관업,낙원동
574,여관업,돈의동
575,여관업,효제동
576,여관업,익선동
577,여관업,낙원동
578,여관업,운니동
579,여관업,창신동
580,여관업,낙원동
581,여관업,창신동
582,관광호텔,평창동
583,여관업,익선동
584,여관업,충신동
585,여관업,효제동
586,관광호텔,낙원동
587,여관업,종로5가
588,여관업,창신동
589,여관업,효제동
590,여관업,숭인동
591,여관업,창신동
592,여관업,돈의동
593,여관업,인사동
594,여관업,효제동
595,여관업,익선동
596,일반호텔,운니동
597,여관업,낙원동
598,여관업,낙원동
599,여인숙업,익선동
600,여인숙업,창신동
601,여관업,체부동
602,여관업,청진동
603,여관업,연지동
604,여관업,와룡동
605,여인숙업,창신동
606,여관업,낙원동
607,여관업,돈의동
608,여관업,숭인동
609,여관업,돈의동
610,일반호텔,낙원동
611,여관업,연지동
612,여관업,숭인동
613,여관업,낙원동
614,여관업,관철동
615,여관업,낙원동
616,여관업,낙원동
617,여관업,낙원동
618,일반호텔,관훈동
619,여관업,낙원동
620,여관업,낙원동
621,여관업,효제동
622,여관업,낙원동
623,여관업,낙원동
624,여관업,숭인동
625,일반호텔,낙원동
626,일반호텔,종로5가
627,여관업,관철동
628,일반호텔,관수동
629,여관업,숭인동
630,일반호텔,숭인동
631,일반호텔,낙원동
632,관광호텔,운니동
633,여관업,낙원동
634,일반호텔,관철동
635,여관업,효제동
636,일반호텔,관철동
637,여관업,낙원동
638,여관업,관수동
639,여관업,낙원동
640,여관업,인사동
641,여관업,낙원동
642,관광호텔,견지동
643,숙박업 기타,낙원동
644,여관업,익선동
645,여관업,관수동
646,여관업,익선동
647,일반호텔,관수동
648,일반호텔,인사동
649,일반호텔,창신동
650,관광호텔,견지동
651,일반호텔,낙원동
652,여관업,산림동
653,여관업,광희동
654,관광호텔,명동
655,여관업,남대문로5가
656,관광호텔,을지로4가
657,관광호텔,을지로5가
658,관광호텔,순화동
659,여관업,광희동
660,여관업,을지로6가
661,여관업,황학동
662,일반호텔,을지로5가
663,일반호텔,충무로1가
664,여관업,다동
665,일반호텔,순화동
666,여관업,북창동
667,여관업,충무로2가
668,여관업,회현동
669,여관업,주교동
670,여관업,북창동
671,관광호텔,을지로2가
672,여관업,산림동
673,관광호텔,충무로2가
674,여관업,북창동
675,여관업,명동
676,일반호텔,회현동
677,여관업,을지로6가
678,여관업,충무로2가
679,일반호텔,충무로2가
680,관광호텔,명동
681,관광호텔,충무로2가
682,관광호텔,남대문로5가
683,여관업,충무로5가
684,관광호텔,충무로2가
685,여관업,충무로5가
686,관광호텔,북창동
687,여관업,인현동
688,여관업,오장동
689,관광호텔,북창동
690,여관업,북창동
691,여관업,을지로3가
692,관광호텔,남대문로4가
693,관광호텔,을지로3가
694,여관업,을지로3가
695,관광호텔,충무로3가
696,관광호텔,장충동
697,여관업,남대문로5가
698,여관업,충무로2가
699,여관업,수표동
700,여관업,다동
701,여관업,북창동
702,여관업,충무로3가
703,일반호텔,을지로6가
704,관광호텔,오장동
705,여관업,남대문로5가
706,관광호텔,충무로1가
707,여관업,충무로3가
708,일반호텔,충무로1가
709,일반호텔,오장동
710,일반호텔,명동
711,일반호텔,회현동
712,관광호텔,광희동
713,일반호텔,명동
714,여관업,북창동
715,관광호텔,충무로2가
716,관광호텔,예장동
717,숙박업 기타,주교동
718,관광호텔,충무로2가
719,여관업,을지로6가
720,일반호텔,충무로1가
721,관광호텔,회현동
722,숙박업 기타,충무로2가
723,숙박업 기타,오장동
724,숙박업 기타,충무로1가
725,관광호텔,충무로3가
726,관광호텔,충무로4가
727,숙박업 기타,을지로7가
728,관광호텔,예관동
729,관광호텔,을지로2가
730,관광호텔,충무로3가
731,관광호텔,오장동
732,관광호텔,예장동
733,숙박업 기타,충무로2가
734,관광호텔,회현동
735,여관업,충무로2가
736,여관업,을지로7가
737,관광호텔,광희동
738,관광호텔,충무로2가
739,숙박업 기타,광희동
740,숙박업 기타,남창동
741,여관업,북창동
742,여관업,오장동
743,관광호텔,쌍림동
744,관광호텔,명동
745,일반호텔,오장동
746,일반호텔,충무로1가
747,일반호텔,명동
748,여인숙업,한강로2가
749,여관업,청파동
750,여관업,원효로2가
751,여인숙업,보광동
752,여관업,청파동
753,여관업,남영동
754,여인숙업,동자동
755,여인숙업,동자동
756,여관업,후암동
757,여관업,동자동
758,여관업,남영동
759,여관업,남영동
760,여관업,청파동
761,여관업,이태원동
762,여관업,용산동
763,여관업,이태원동
764,여인숙업,동자동
765,여인숙업,동자동
766,여관업,동자동
767,여관업,후암동
768,여관업,갈월동
769,여관업,청파동
770,여관업,보광동
771,여관업,이태원동
772,여인숙업,동자동
773,여인숙업,동자동
774,여관업,동자동
775,여관업,갈월동
776,여관업,보광동
777,여관업,한남동
778,여관업,이태원동
779,여관업,한강로2가
780,여관업,남영동
781,여관업,서계동
782,여관업,청파동
783,여관업,원효로2가
784,여관업,한남동
785,여관업,이태원동
786,여관업,한강로2가
787,여관업,한강로2가
788,여관업,한강로3가
789,여관업,동자동
790,여관업,남영동
791,여관업,원효로2가
792,여관업,수유동
793,여관업,번동
794,여관업,번동
795,여관업,수유동
796,여관업,수유동
797,여관업,미아동
798,여관업,미아동
799,여관업,수유동
800,여관업,수유동
801,여관업,수유동
802,여관업,번동
803,여관업,번동
804,여관업,번동
805,여관업,번동
806,여관업,번동
807,여관업,번동
808,여관업,미아동
809,여관업,수유동
810,여관업,번동
811,여관업,수유동
812,여관업,수유동
813,여관업,미아동
814,여관업,수유동
815,여관업,번동
816,여관업,수유동
817,여관업,번동
818,여관업,번동
819,여관업,수유동
820,여관업,수유동
821,여관업,수유동
822,여관업,미아동
823,여관업,수유동
824,여관업,번동
825,관광호텔,미아동
826,여관업,미아동
827,여관업,번동
828,여관업,수유동
829,여관업,미아동
830,여관업,번동
831,여관업,번동
832,여관업,수유동
833,여관업,미아동
834,여관업,수유동
835,여관업,미아동
836,여관업,번동
837,여관업,번동
838,여관업,수유동
839,여관업,번동
840,여관업,수유동
841,여관업,번동
842,여관업,수유동
843,여관업,미아동
844,여관업,번동
845,여관업,수유동
846,여관업,번동
847,여관업,수유동
848,여관업,수유동
849,여관업,미아동
850,여관업,수유동
851,여관업,번동
852,여관업,미아동
853,여관업,번동
854,여관업,수유동
855,여관업,수유동
856,여관업,수유동
857,여관업,미아동
858,여관업,수유동
859,여관업,수유동
860,여관업,쌍문동
861,여인숙업,도봉동
862,여관업,쌍문동
863,여관업,쌍문동
864,여관업,쌍문동
865,여인숙업,쌍문동
866,여인숙업,쌍문동
867,여관업,도봉동
868,여관업,도봉동
869,여관업,도봉동
870,여관업,쌍문동
871,여관업,방학동
872,여인숙업,쌍문동
873,여관업,쌍문동
874,여관업,도봉동
875,여관업,창동
876,여관업,창동
877,여관업,창동
878,여관업,도봉동
879,여관업,도봉동
880,여관업,도봉동
881,여관업,도봉동
882,관광호텔,쌍문동
883,여관업,도봉동
884,여관업,창동
885,여관업,창동
886,여관업,도봉동
887,여관업,방학동
888,여관업,창동
889,여관업,창동
890,일반호텔,창동
891,여관업,방학동
892,관광호텔,도봉동
893,관광호텔,방학동
894,여관업,상계동
895,여인숙업,상계동
896,여인숙업,상계동
897,여관업,상계동
898,여인숙업,상계동
899,여인숙업,상계동
900,여관업,월계동
901,여관업,상계동
902,여인숙업,상계동
903,여인숙업,상계동
904,여관업,월계동
905,여관업,공릉동
906,여관업,상계동
907,여관업,월계동
908,여관업,공릉동
909,여관업,공릉동
910,여관업,월계동
911,여인숙업,상계동
912,여관업,공릉동
913,여관업,상계동
914,여관업,상계동
915,여관업,상계동
916,일반호텔,상계동
917,여관업,상계동
918,일반호텔,상계동
919,여관업,상계동
920,여관업,상계동
921,여관업,공릉동
922,여인숙업,상계동
923,여인숙업,상계동
924,일반호텔,상계동
925,관광호텔,상계동
926,일반호텔,공릉동
927,여관업,상계동
928,여관업,상계동
929,여관업,상계동
930,여관업,공릉동
931,여관업,상계동
932,여관업,수색동
933,여관업,수색동
934,여관업,수색동
935,여관업,대조동
936,여관업,대조동
937,여관업,응암동
938,여관업,대조동
939,여관업,대조동
940,여관업,미아동
941,여관업,미아동
942,여관업,미아동
943,여관업,미아동
944,여관업,미아동
945,여관업,미아동
946,여관업,수유동
947,여관업,미아동
948,여관업,미아동
949,여관업,미아동
950,여관업,미아동
951,여관업,미아동
952,여관업,미아동
953,여관업,미아동
954,여관업,미아동
955,여관업,미아동
956,여관업,수유동
957,여관업,우이동
958,여관업,미아동
959,여관업,수유동
960,여관업,수유동
961,여관업,우이동
962,여관업,수유동
963,여관업,수유동
964,여관업,수유동
965,여관업,수유동
966,여관업,수유동
967,여관업,미아동
968,여관업,미아동
969,여관업,미아동
970,여관업,미아동
971,여관업,미아동
972,여관업,미아동
973,여관업,미아동
974,여관업,미아동
975,여관업,미아동
976,여관업,미아동
977,여관업,미아동
978,여관업,번동
979,여관업,수유동
980,여관업,우이동
981,여관업,수유동
982,여관업,수유동
983,여관업,번동
984,여관업,미아동
985,여관업,미아동
986,여관업,미아동
987,여관업,수유동
988,여관업,수유동
989,여관업,수유동
990,여관업,미아동
991,여관업,미아동
992,여관업,미아동
993,여관업,미아동
994,여관업,미아동
995,여관업,미아동
996,여관업,수유동
997,여관업,수유동
998,여관업,상봉동
999,여인숙업,상봉동
1000,여관업,묵동
1001,여관업,상봉동
1002,여관업,묵동
1003,여관업,묵동
1004,여관업,중화동
1005,여관업,신내동
1006,여관업,면목동
1007,여관업,망우동
1008,여관업,상봉동
1009,여관업,망우동
1010,여관업,면목동
1011,여관업,묵동
1012,여관업,중화동
1013,여관업,망우동
1014,여관업,면목동
1015,여관업,상봉동
1016,여관업,상봉동
1017,여관업,상봉동
1018,여관업,중화동
1019,여관업,망우동
1020,여관업,면목동
1021,여관업,면목동
1022,여관업,면목동
1023,여관업,면목동
1024,여관업,면목동
1025,여관업,면목동
1026,여관업,중화동
1027,여관업,망우동
1028,여관업,중화동
1029,여관업,망우동
1030,여관업,망우동
1031,여관업,면목동
1032,여관업,면목동
1033,여관업,면목동
1034,여관업,면목동
1035,여관업,망우동
1036,여관업,묵동
1037,여관업,면목동
1038,여관업,중화동
1039,여관업,망우동
1040,여관업,망우동
1041,여관업,면목동
1042,여관업,망우동
1043,여관업,망우동
1044,여관업,상봉동
1045,여관업,상봉동
1046,여관업,상봉동
1047,여관업,상봉동
1048,여관업,상봉동
1049,여관업,망우동
1050,여관업,상봉동
1051,여관업,망우동
1052,여관업,상봉동
1053,여관업,중화동
1054,여관업,상봉동
1055,여관업,상봉동
1056,여관업,상봉동
1057,여관업,상봉동
1058,여관업,상봉동
1059,여관업,망우동
1060,여관업,망우동
1061,여관업,망우동
1062,여관업,상봉동
1063,여관업,상봉동
1064,여관업,상봉동
1065,여관업,상봉동
1066,여관업,상봉동
1067,여관업,상봉동
1068,여관업,망우동
1069,여관업,상봉동
1070,여관업,상봉동
1071,여관업,망우동
1072,여관업,면목동
1073,일반호텔,상봉동
1074,여관업,상봉동
1075,여관업,상봉동
1076,여관업,상봉동
1077,여관업,상봉동
1078,일반호텔,상봉동
1079,관광호텔,상봉동
1080,여관업,상봉동
1081,일반호텔,망우동
1082,여관업,상봉동
1083,관광호텔,상봉동
1084,관광호텔,묵동
1085,여관업,동선동
1086,여관업,동선동
1087,여관업,삼선동
1088,여관업,하월곡동
1089,여관업,길음동
1090,여관업,정릉동
1091,여관업,보문동
1092,여관업,하월곡동
1093,여관업,동소문동
1094,여관업,길음동
1095,여관업,길음동
1096,여관업,길음동
1097,여관업,종암동
1098,여관업,장위동
1099,여관업,장위동
1100,여관업,보문동
1101,여관업,정릉동
1102,여관업,하월곡동
1103,여관업,길음동
1104,여관업,종암동
1105,여관업,동선동
1106,여관업,동선동
1107,여관업,석관동
1108,여관업,장위동
1109,여관업,정릉동
1110,여관업,장위동
1111,여관업,하월곡동
1112,여관업,석관동
1113,여관업,대현동
1114,일반호텔,창천동
1115,일반호텔,대현동
1116,일반호텔,대현동
1117,일반호텔,남가좌동
1118,여관업,창천동
1119,여관업,창천동
1120,여관업,창천동
1121,여관업,창천동
1122,여관업,창천동
1123,여관업,창천동
1124,여관업,남가좌동
1125,여관업,창천동
1126,여관업,창천동
1127,여관업,창천동
1128,여관업,창천동
1129,여관업,대현동
1130,관광호텔,미근동
1131,관광호텔,창천동
1132,관광호텔,창천동
1133,관광호텔,대현동
1134,관광호텔,대현동
1135,여관업,노고산동
1136,여관업,합정동
1137,여인숙업,아현동
1138,여관업,공덕동
1139,여관업,도화동
1140,여관업,동교동
1141,여인숙업,신수동
1142,여인숙업,염리동
1143,여관업,아현동
1144,여관업,서교동
1145,여인숙업,도화동
1146,여인숙업,염리동
1147,여관업,공덕동
1148,여관업,도화동
1149,여관업,염리동
1150,여관업,망원동
1151,여인숙업,공덕동
1152,여관업,공덕동
1153,여관업,신공덕동
1154,여관업,노고산동
1155,여관업,상수동
1156,여관업,합정동
1157,여관업,성산동
1158,여관업,도화동
1159,여관업,노고산동
1160,여관업,성산동
1161,여인숙업,성산동
1162,여관업,대흥동
1163,여관업,합정동
1164,여관업,성산동
1165,여인숙업,아현동
1166,여관업,대흥동
1167,여인숙업,노고산동
1168,여관업,노고산동
1169,여관업,노고산동
1170,여관업,노고산동
1171,여관업,노고산동
1172,여관업,노고산동
1173,일반호텔,서교동
1174,여관업,노고산동
1175,여관업,노고산동
1176,여인숙업,노고산동
1177,여관업,합정동
1178,일반호텔,합정동
1179,여관업,제기동
1180,여인숙업,용두동
1181,여관업,장안동
1182,여관업,제기동
1183,여관업,답십리동
1184,숙박업 기타,휘경동
1185,관광호텔,장안동
1186,여관업,청량리동
1187,여관업,청량리동
1188,여관업,장안동
1189,여관업,장안동
1190,여관업,답십리동
1191,여관업,제기동
1192,여관업,휘경동
1193,관광호텔,청량리동
1194,여관업,장안동
1195,여관업,장안동
1196,여관업,답십리동
1197,여관업,청량리동
1198,여관업,휘경동
1199,여관업,답십리동
1200,여관업,전농동
1201,여관업,신설동
1202,여관업,장안동
1203,여관업,휘경동
1204,여관업,회기동
1205,여관업,청량리동
1206,여관업,청량리동
1207,여관업,제기동
1208,여관업,장안동
1209,여관업,제기동
1210,여관업,장안동
1211,여관업,장안동
1212,여관업,신설동
1213,여관업,제기동
1214,여관업,신설동
1215,여관업,장안동
1216,여관업,답십리동
1217,여관업,장안동
1218,여관업,답십리동
1219,여관업,청량리동
1220,여관업,이문동
1221,여관업,청량리동
1222,여관업,답십리동
1223,여관업,용두동
1224,여관업,장안동
1225,여관업,장안동
1226,여관업,청량리동
1227,여관업,용두동
1228,여관업,회기동
1229,여관업,청량리동
1230,여관업,용두동
1231,여관업,장안동
1232,여관업,이문동
1233,여관업,용두동
1234,여관업,용두동
1235,여인숙업,전농동
1236,여관업,청량리동
1237,여관업,장안동
1238,여관업,신설동
1239,여관업,제기동
1240,여관업,답십리동
1241,관광호텔,장안동
1242,관광호텔,장안동
1243,여관업,휘경동
1244,여관업,전농동
1245,관광호텔,전농동
1246,여관업,제기동
1247,여관업,신설동
1248,여관업,이문동
1249,여관업,휘경동
1250,여관업,장안동
1251,여관업,장안동
1252,여인숙업,용두동
1253,여관업,전농동
1254,일반호텔,답십리동
1255,일반호텔,장안동
1256,여관업,전농동
1257,관광호텔,휘경동
1258,여관업,장안동
1259,관광호텔,신설동
1260,관광호텔,장안동
1261,여관업,전농동
1262,여관업,제기동
1263,숙박업 기타,장안동
1264,관광호텔,신설동
1265,관광호텔,장안동
1266,관광호텔,전농동
1267,관광호텔,이문동
1268,일반호텔,전농동
1269,관광호텔,신설동
1270,일반호텔,장안동
1271,일반호텔,장안동
1272,관광호텔,장안동
1273,관광호텔,휘경동
1274,관광호텔,장안동
1275,여관업,상봉동
1276,여관업,망우동
1277,여인숙업,망우동
1278,여관업,면목동
1279,여관업,면목동
1280,여관업,면목동
1281,여인숙업,상봉동
1282,여관업,면목동
1283,여관업,면목동
1284,여관업,면목동
1285,여관업,상봉동
1286,여관업,상봉동
1287,여관업,중화동
1288,여관업,중화동
1289,여관업,면목동
1290,여관업,면목동
1291,여관업,면목동
1292,여관업,면목동
1293,여관업,면목동
1294,여관업,면목동
1295,여관업,면목동
1296,여관업,망우동
1297,여관업,상봉동
1298,여관업,상봉동
1299,여관업,중화동
1300,여관업,중화동
1301,여관업,면목동
1302,여관업,면목동
1303,여관업,면목동
1304,여관업,상봉동
1305,여인숙업,상봉동
1306,여인숙업,면목동
1307,여인숙업,면목동
1308,여인숙업,망우동
1309,여인숙업,상봉동
1310,여인숙업,면목동
1311,여인숙업,성수동
1312,여관업,도선동
1313,여관업,도선동
1314,여관업,도선동
1315,여관업,성수동
1316,여관업,하왕십리동
1317,여관업,도선동
1318,여관업,성수동
1319,여관업,홍익동
1320,여관업,금호동
1321,여관업,금호동
1322,여관업,금호동
1323,여관업,금호동
1324,여관업,성수동
1325,여관업,성수동
1326,여관업,마장동
1327,여관업,도선동
1328,여관업,도선동
1329,여관업,성수동
1330,여관업,홍익동
1331,여인숙업,금호동
1332,여관업,도선동
1333,여관업,홍익동
1334,여관업,마장동
1335,여관업,송정동
1336,여관업,도선동
1337,여관업,도선동
1338,여관업,마장동
1339,여관업,성수동
1340,여관업,성수동
1341,여관업,송정동
1342,여관업,용답동
1343,관광호텔,용답동
1344,여관업,용답동
1345,여관업,도선동
1346,여관업,성수동
1347,여관업,도선동
1348,관광호텔,도선동
1349,관광호텔,도선동
1350,관광호텔,성수동
1351,관광호텔,용답동
1352,관광호텔,도선동
1353,숙박업 기타,하왕십리동
1354,관광호텔,광장동
1355,여관업,화양동
1356,여관업,구의동
1357,여관업,자양동
1358,여관업,중곡동
1359,여관업,화양동
1360,여관업,화양동
1361,여관업,구의동
1362,여관업,화양동
1363,여관업,화양동
1364,여관업,화양동
1365,여관업,자양동
1366,여관업,중곡동
1367,여관업,중곡동
1368,관광호텔,광장동
1369,여관업,광장동
1370,여관업,화양동
1371,여관업,화양동
1372,여관업,자양동
1373,여관업,중곡동
1374,여관업,중곡동
1375,여관업,군자동
1376,여관업,군자동
1377,여관업,화양동
1378,여관업,화양동
1379,여관업,화양동
1380,여관업,화양동
1381,여관업,화양동
1382,여관업,중곡동
1383,여관업,화양동
1384,여관업,화양동
1385,여관업,화양동
1386,여관업,화양동
1387,여관업,자양동
1388,여관업,구의동
1389,여관업,구의동
1390,여관업,자양동
1391,여관업,자양동
1392,여관업,구의동
1393,여관업,화양동
1394,여관업,화양동
1395,여관업,구의동
1396,여관업,구의동
1397,여관업,중곡동
1398,여관업,중곡동
1399,여관업,군자동
1400,여관업,구의동
1401,여관업,구의동
1402,여관업,중곡동
1403,여관업,화양동
1404,여관업,화양동
1405,여관업,화양동
1406,여관업,None
1407,여관업,화양동
1408,여관업,화양동
1409,여관업,화양동
1410,여관업,화양동
1411,여관업,화양동
1412,여관업,화양동
1413,여관업,자양동
1414,일반호텔,자양동
1415,여관업,자양동
1416,여관업,자양동
1417,여관업,구의동
1418,여관업,구의동
1419,여관업,구의동
1420,여관업,구의동
1421,여관업,구의동
1422,여관업,군자동
1423,여관업,군자동
1424,여관업,광장동
1425,여관업,자양동
1426,여관업,중곡동
1427,여관업,중곡동
1428,여관업,중곡동
1429,여관업,중곡동
1430,여관업,중곡동
1431,여관업,중곡동
1432,여관업,중곡동
1433,여관업,중곡동
1434,여관업,중곡동
1435,여관업,군자동
1436,여관업,능동
1437,여관업,중곡동
1438,여관업,군자동
1439,여관업,중곡동
1440,여관업,구의동
1441,여관업,중곡동
1442,여관업,자양동
1443,여관업,자양동
1444,여관업,중곡동
1445,여관업,구의동
1446,여관업,구의동
1447,여관업,화양동
1448,여관업,화양동
1449,여관업,구의동
1450,여관업,자양동
1451,여관업,자양동
1452,관광호텔,구의동
1453,여관업,중곡동
1454,여관업,군자동
1455,관광호텔,자양동
1456,관광호텔,군자동
1457,관광호텔,중곡동
1458,관광호텔,능동
1459,관광호텔,군자동
1460,여관업,신설동
1461,여인숙업,전농동
1462,여관업,용두동
1463,여관업,이문동
1464,여인숙업,전농동
1465,여관업,용두동
1466,여관업,전농동
1467,여관업,청량리동
1468,여관업,전농동
1469,여인숙업,제기동
1470,여인숙업,전농동
1471,여인숙업,제기동
1472,여인숙업,제기동
1473,여관업,회기동
1474,여관업,용두동
1475,여관업,용두동
1476,여관업,용두동
1477,여관업,전농동
1478,여관업,용두동
1479,여인숙업,길음동
1480,여관업,동소문동
1481,여관업,길음동
1482,여관업,동소문동
1483,여관업,종암동
1484,여관업,하월곡동
1485,여관업,하월곡동
1486,여관업,안암동
1487,여관업,장위동
1488,여관업,장위동
1489,여관업,장위동
1490,여관업,정릉동
1491,여관업,길음동
1492,여관업,석관동
1493,여인숙업,보문동
1494,여인숙업,장위동
1495,여관업,동소문동
1496,여관업,종암동
1497,여관업,석관동
1498,여관업,석관동
1499,여인숙업,장위동
1500,여인숙업,석관동
1501,여관업,종암동
1502,여관업,종암동
1503,여관업,종암동
1504,여관업,하월곡동
1505,여관업,하월곡동
1506,여관업,종암동
1507,여관업,동선동
1508,여관업,종암동
1509,여관업,장위동
1510,여관업,장위동
1511,여관업,석관동
1512,여관업,석관동
1513,여관업,하월곡동
1514,여관업,하월곡동
1515,여관업,정릉동
1516,여관업,하월곡동
1517,여관업,하월곡동
1518,여관업,종암동
1519,여관업,장위동
1520,여관업,장위동
1521,여관업,보문동
1522,여관업,장위동
1523,여관업,종암동
1524,일반호텔,보문동
1525,여인숙업,하월곡동
1526,관광호텔,종암동
1527,관광호텔,보문동
1528,여관업,하월곡동
1529,관광호텔,동선동
1530,여관업,석관동
1531,여관업,종암동
1532,여관업,동소문동
1533,여관업,하월곡동
1534,여관업,종암동
1535,여관업,동선동
1536,여관업,동선동
1537,여관업,삼선동
1538,여관업,길음동
1539,여관업,길음동
1540,여관업,동선동
1541,여관업,동선동
1542,여관업,석관동
1543,여관업,동선동
1544,여관업,정릉동
1545,여관업,정릉동
1546,여관업,동선동
1547,일반호텔,동선동
1548,여인숙업,석관동
1549,여관업,정릉동
1550,여관업,삼선동
1551,여관업,동소문동
1552,관광호텔,동선동
1553,여관업,동선동
1554,관광호텔,동선동
1555,관광호텔,안암동
1556,여관업,우이동
1557,여관업,우이동
1558,여관업,우이동
1559,관광호텔,수유동
1560,여관업,미아동
1561,여관업,수유동
1562,여관업,미아동
1563,여관업,우이동
1564,여관업,우이동
1565,여관업,미아동
1566,여관업,미아동
1567,여관업,우이동
1568,여관업,수유동
1569,여관업,수유동
1570,여관업,미아동
1571,여관업,미아동
1572,여관업,미아동
1573,여관업,미아동
1574,여관업,미아동
1575,여관업,미아동
1576,여관업,미아동
1577,여관업,미아동
1578,여관업,미아동
1579,여관업,우이동
1580,여관업,미아동
1581,여관업,수유동
1582,여관업,수유동
1583,여관업,미아동
1584,여관업,우이동
1585,여관업,미아동
1586,여관업,미아동
1587,여관업,수유동
1588,여관업,수유동
1589,여관업,수유동
1590,여관업,미아동
1591,여관업,미아동
1592,여관업,수유동
1593,여관업,수유동
1594,여관업,수유동
1595,여관업,번동
1596,관광호텔,수유동
1597,여관업,미아동
1598,여관업,수유동
1599,여관업,미아동
1600,여관업,수유동
1601,여관업,수유동
1602,여관업,수유동
1603,여관업,수유동
1604,여관업,번동
1605,여관업,수유동
1606,여관업,수유동
1607,여관업,수유동
1608,여관업,수유동
1609,여관업,수유동
1610,여관업,미아동
1611,여관업,수유동
1612,여관업,수유동
1613,여관업,수유동
1614,여관업,미아동
1615,여관업,수유동
1616,여관업,독산동
1617,여관업,독산동
1618,여관업,독산동
1619,여관업,독산동
1620,여관업,독산동
1621,여관업,시흥동
1622,여관업,독산동
1623,여관업,시흥동
1624,여관업,시흥동
1625,여관업,시흥동
1626,여인숙업,가산동
1627,여관업,가산동
1628,여관업,독산동
1629,여관업,시흥동
1630,관광호텔,독산동
1631,여인숙업,가산동
1632,여관업,가산동
1633,여인숙업,시흥동
1634,여관업,시흥동
1635,여관업,가산동
1636,여관업,가산동
1637,여관업,가산동
1638,여관업,가산동
1639,관광호텔,독산동
1640,여관업,가산동
1641,여관업,가산동
1642,여관업,독산동
1643,여인숙업,시흥동
1644,여관업,독산동
1645,여관업,가산동
1646,관광호텔,가산동
1647,관광호텔,가산동
1648,여관업,대림동
1649,여관업,영등포동
1650,여관업,신길동
1651,여관업,영등포동
1652,여관업,영등포동
1653,여관업,영등포동
1654,여관업,영등포동
1655,여관업,영등포동
1656,여관업,신길동
1657,여인숙업,신길동
1658,여관업,신길동
1659,여인숙업,신길동
1660,여관업,신길동
1661,여인숙업,신길동
1662,여관업,신길동
1663,여관업,신길동
1664,여관업,문래동
1665,여관업,문래동
1666,여관업,None
1667,여관업,None
1668,여관업,양평동
1669,여인숙업,양평동
1670,여인숙업,양평동
1671,여인숙업,None
1672,여관업,양평동
1673,여관업,신길동
1674,여관업,None
1675,여관업,신길동
1676,여관업,None
1677,여관업,신길동
1678,여관업,신길동
1679,여관업,신길동
1680,여관업,신길동
1681,여인숙업,신길동
1682,여인숙업,신길동
1683,여인숙업,신길동
1684,여인숙업,신길동
1685,여인숙업,신길동
1686,여인숙업,신길동
1687,여인숙업,신길동
1688,여관업,신길동
1689,여관업,신길동
1690,여인숙업,대림동
1691,여관업,대림동
1692,여인숙업,대림동
1693,여관업,대림동
1694,여인숙업,대림동
1695,여인숙업,대림동
1696,여관업,대림동
1697,여인숙업,None
1698,여관업,영등포동
1699,여관업,영등포동
1700,여관업,영등포동
1701,여관업,영등포동
1702,여관업,영등포동
1703,여관업,영등포동
1704,여관업,영등포동
1705,여관업,영등포동
1706,여인숙업,영등포동
1707,여관업,영등포동
1708,여관업,영등포동
1709,여관업,영등포동
1710,여관업,영등포동
1711,여관업,영등포동
1712,여관업,영등포동
1713,여관업,당산동
1714,여관업,당산동
1715,여관업,당산동
1716,여관업,당산동
1717,여관업,당산동
1718,여관업,당산동
1719,여관업,당산동
1720,여관업,당산동
1721,여관업,당산동
1722,여관업,당산동
1723,여관업,당산동
1724,여관업,당산동
1725,여관업,당산동
1726,여관업,당산동
1727,여관업,영등포동
1728,여관업,대림동
1729,여인숙업,신길동
1730,여관업,당산동
1731,여관업,양평동
1732,여인숙업,신길동
1733,여인숙업,신길동
1734,여관업,양평동
1735,여관업,None
1736,여관업,신길동
1737,여관업,신길동
1738,여관업,신길동
1739,여관업,신길동
1740,여인숙업,신길동
1741,여관업,신길동
1742,여관업,신길동
1743,여관업,영등포동
1744,여관업,영등포동
1745,여관업,영등포동
1746,여관업,영등포동
1747,여관업,영등포동
1748,여관업,영등포동
1749,여관업,영등포동
1750,여관업,영등포동
1751,여관업,None
1752,여관업,영등포동
1753,여관업,영등포동
1754,여관업,영등포동
1755,여관업,영등포동
1756,여관업,영등포동
1757,여관업,영등포동
1758,여관업,영등포동
1759,여관업,영등포동
1760,여관업,영등포동
1761,일반호텔,영등포동
1762,여관업,영등포동
1763,여관업,영등포동
1764,여관업,영등포동
1765,여관업,영등포동
1766,여관업,None
1767,여관업,영등포동
1768,여관업,영등포동
1769,여관업,당산동
1770,여관업,당산동
1771,여관업,None
1772,여관업,당산동
1773,여관업,당산동
1774,여관업,당산동
1775,여관업,영등포동
1776,여관업,영등포동
1777,여관업,영등포동
1778,여관업,None
1779,여관업,영등포동
1780,여관업,영등포동
1781,여관업,영등포동
1782,여관업,영등포동
1783,여관업,영등포동
1784,여관업,영등포동
1785,여관업,영등포동
1786,여관업,영등포동
1787,여관업,None
1788,여관업,영등포동
1789,여관업,영등포동
1790,관광호텔,오류동
1791,여인숙업,시흥동
1792,여관업,시흥동
1793,여관업,시흥동
1794,여인숙업,시흥동
1795,여인숙업,시흥동
1796,여인숙업,가산동
1797,여인숙업,가산동
1798,여인숙업,독산동
1799,여인숙업,시흥동
1800,여인숙업,가산동
1801,여인숙업,가산동
1802,여인숙업,가산동
1803,여인숙업,가산동
1804,여인숙업,가산동
1805,여인숙업,가산동
1806,여인숙업,가산동
1807,여인숙업,가산동
1808,여인숙업,가산동
1809,여인숙업,가산동
1810,여인숙업,가산동
1811,여인숙업,가산동
1812,여인숙업,가산동
1813,여인숙업,가산동
1814,여관업,시흥동
1815,여관업,시흥동
1816,여관업,시흥동
1817,여관업,시흥동
1818,여관업,시흥동
1819,여인숙업,가산동
1820,여관업,독산동
1821,여관업,독산동
1822,여관업,시흥동
1823,여관업,독산동
1824,여관업,독산동
1825,여관업,시흥동
1826,여관업,독산동
1827,여인숙업,가산동
1828,여관업,독산동
1829,여관업,독산동
1830,여관업,독산동
1831,여관업,시흥동
1832,여관업,독산동
1833,여관업,가산동
1834,여관업,독산동
1835,여관업,시흥동
1836,여관업,시흥동
1837,여인숙업,독산동
1838,여인숙업,독산동
1839,여관업,가산동
1840,여관업,독산동
1841,여관업,독산동
1842,여관업,독산동
1843,여관업,시흥동
1844,여관업,가산동
1845,여관업,독산동
1846,관광호텔,염창동
1847,여관업,화곡동
1848,여관업,화곡동
1849,여관업,화곡동
1850,여관업,화곡동
1851,여관업,화곡동
1852,여관업,화곡동
1853,여관업,화곡동
1854,여관업,화곡동
1855,여관업,화곡동
1856,관광호텔,화곡동
1857,여관업,화곡동
1858,여관업,화곡동
1859,여관업,화곡동
1860,여관업,화곡동
1861,여관업,화곡동
1862,여관업,화곡동
1863,여관업,화곡동
1864,여관업,화곡동
1865,여관업,화곡동
1866,일반호텔,화곡동
1867,여관업,화곡동
1868,여관업,화곡동
1869,여관업,화곡동
1870,여관업,화곡동
1871,여관업,화곡동
1872,여관업,화곡동
1873,여관업,화곡동
1874,여관업,화곡동
1875,여관업,화곡동
1876,여관업,화곡동
1877,여관업,화곡동
1878,여관업,화곡동
1879,여관업,화곡동
1880,여관업,화곡동
1881,여관업,화곡동
1882,여관업,화곡동
1883,여관업,화곡동
1884,여관업,화곡동
1885,여관업,방화동
1886,여관업,화곡동
1887,여관업,화곡동
1888,여관업,화곡동
1889,여관업,화곡동
1890,여관업,화곡동
1891,여관업,화곡동
1892,여관업,화곡동
1893,여관업,화곡동
1894,여관업,화곡동
1895,여관업,화곡동
1896,여관업,화곡동
1897,여관업,화곡동
1898,여관업,내발산동
1899,관광호텔,화곡동
1900,여관업,화곡동
1901,여관업,화곡동
1902,여관업,화곡동
1903,일반호텔,화곡동
1904,여관업,화곡동
1905,여관업,화곡동
1906,여관업,화곡동
1907,여관업,공항동
1908,관광호텔,외발산동
1909,관광호텔,화곡동
1910,관광호텔,외발산동
1911,여관업,공항동
1912,관광호텔,외발산동
1913,관광호텔,화곡동
1914,여관업,화곡동
1915,여관업,화곡동
1916,관광호텔,화곡동
1917,여관업,화곡동
1918,여관업,화곡동
1919,관광호텔,외발산동
1920,여관업,화곡동
1921,관광호텔,방화동
1922,일반호텔,화곡동
1923,여관업,화곡동
1924,관광호텔,화곡동
1925,관광호텔,화곡동
1926,관광호텔,염창동
1927,관광호텔,등촌동
1928,관광호텔,화곡동
1929,관광호텔,등촌동
1930,관광호텔,등촌동
1931,일반호텔,마곡동
1932,여인숙업,가리봉동
1933,여인숙업,구로동
1934,여인숙업,구로동
1935,여인숙업,구로동
1936,여인숙업,구로동
1937,여인숙업,구로동
1938,여인숙업,구로동
1939,여인숙업,구로동
1940,여인숙업,구로동
1941,여인숙업,구로동
1942,여인숙업,구로동
1943,여인숙업,구로동
1944,여인숙업,구로동
1945,여인숙업,구로동
1946,여인숙업,구로동
1947,여인숙업,구로동
1948,여인숙업,고척동
1949,여인숙업,가리봉동
1950,여인숙업,가리봉동
1951,여인숙업,구로동
1952,여인숙업,구로동
1953,여인숙업,구로동
1954,여인숙업,구로동
1955,여인숙업,구로동
1956,여관업,사당동
1957,관광호텔,사당동
1958,관광호텔,상도동
1959,관광호텔,신대방동
1960,여관업,봉천동
1961,여인숙업,봉천동
1962,여인숙업,봉천동
1963,여인숙업,신림동
1964,여인숙업,봉천동
1965,여인숙업,신림동
1966,여관업,신림동
1967,여관업,신림동
1968,여관업,신림동
1969,여관업,봉천동
1970,여관업,봉천동
1971,여관업,신림동
1972,여관업,봉천동
1973,여관업,신림동
1974,여관업,신림동
1975,여관업,신림동
1976,여인숙업,신림동
1977,여인숙업,신림동
1978,여관업,신림동
1979,여관업,신림동
1980,여관업,신림동
1981,여관업,신림동
1982,여관업,신림동
1983,여관업,신림동
1984,여관업,신림동
1985,여관업,신림동
1986,여관업,신림동
1987,여관업,신림동
1988,여관업,신림동
1989,여관업,신림동
1990,여인숙업,신림동
1991,일반호텔,신림동
1992,여관업,봉천동
1993,여인숙업,신림동
1994,일반호텔,봉천동
1995,여관업,신림동
1996,여관업,신림동
1997,여관업,신림동
1998,여관업,신림동
1999,여관업,신림동
2000,여관업,봉천동
2001,일반호텔,봉천동
2002,여관업,신림동
2003,여관업,신림동
2004,여관업,합정동
2005,여인숙업,염리동
2006,관광호텔,서교동
2007,여관업,구수동
2008,여관업,서교동
2009,관광호텔,서교동
2010,관광호텔,도화동
2011,여관업,노고산동
2012,여관업,노고산동
2013,여관업,노고산동
2014,여관업,노고산동
2015,여관업,노고산동
2016,여관업,노고산동
2017,여관업,노고산동
2018,여관업,노고산동
2019,여관업,노고산동
2020,여관업,노고산동
2021,여관업,노고산동
2022,여관업,노고산동
2023,여관업,노고산동
2024,여관업,노고산동
2025,일반호텔,합정동
2026,여관업,노고산동
2027,여관업,노고산동
2028,여관업,노고산동
2029,여관업,노고산동
2030,일반호텔,노고산동
2031,일반호텔,노고산동
2032,관광호텔,합정동
2033,일반호텔,합정동
2034,관광호텔,공덕동
2035,일반호텔,노고산동
2036,여관업,노고산동
2037,일반호텔,노고산동
2038,관광호텔,상암동
2039,여관업,노고산동
2040,여관업,노고산동
2041,관광호텔,서교동
2042,숙박업 기타,동교동
2043,관광호텔,서교동
2044,관광호텔,서교동
2045,관광호텔,도화동
2046,관광호텔,서교동
2047,관광호텔,노고산동
2048,여인숙업,목동
2049,여관업,신정동
2050,여관업,신정동
2051,여관업,신정동
2052,여관업,신정동
2053,여관업,신월동
2054,여관업,목동
2055,여관업,목동
2056,여관업,신월동
2057,여관업,신월동
2058,여관업,신정동
2059,여관업,신정동
2060,여관업,신월동
2061,여관업,신정동
2062,여관업,신월동
2063,여관업,신월동
2064,여관업,신정동
2065,여관업,신월동
2066,여관업,신월동
2067,여관업,목동
2068,여관업,목동
2069,여관업,신월동
2070,여관업,신정동
2071,여관업,신정동
2072,여관업,신월동
2073,관광호텔,신월동
2074,여관업,염창동
2075,여관업,화곡동
2076,여관업,화곡동
2077,여관업,화곡동
2078,여관업,화곡동
2079,여관업,화곡동
2080,관광호텔,화곡동
2081,여관업,화곡동
2082,여관업,화곡동
2083,여관업,화곡동
2084,여관업,화곡동
2085,여관업,화곡동
2086,여관업,화곡동
2087,여관업,화곡동
2088,여관업,염창동
2089,여관업,화곡동
2090,여관업,방화동
2091,여관업,화곡동
2092,여관업,화곡동
2093,여관업,화곡동
2094,여관업,공항동
2095,여관업,염창동
2096,여관업,화곡동
2097,여관업,화곡동
2098,여관업,화곡동
2099,관광호텔,염창동
2100,여관업,화곡동
2101,여관업,화곡동
2102,여관업,화곡동
2103,여관업,화곡동
2104,일반호텔,화곡동
2105,여관업,염창동
2106,여관업,공항동
2107,여관업,화곡동
2108,여관업,화곡동
2109,여관업,방화동
2110,여관업,화곡동
2111,여관업,화곡동
2112,여관업,화곡동
2113,여관업,화곡동
2114,여관업,방화동
2115,여관업,염창동
2116,여관업,화곡동
2117,여관업,공항동
2118,여관업,화곡동
2119,여관업,방화동
2120,여관업,방화동
2121,여관업,화곡동
2122,여관업,화곡동
2123,여관업,화곡동
2124,여관업,공항동
2125,여관업,화곡동
2126,관광호텔,공항동
2127,여관업,화곡동
2128,여관업,화곡동
2129,여관업,방화동
2130,여관업,화곡동
2131,여관업,화곡동
2132,여관업,화곡동
2133,여관업,화곡동
2134,여관업,화곡동
2135,관광호텔,화곡동
2136,일반호텔,화곡동
2137,여관업,화곡동
2138,여관업,화곡동
2139,여관업,화곡동
2140,여관업,화곡동
2141,여관업,화곡동
2142,여관업,화곡동
2143,여관업,화곡동
2144,여관업,화곡동
2145,여관업,염창동
2146,여관업,공항동
2147,여관업,화곡동
2148,여관업,화곡동
2149,여관업,화곡동
2150,여관업,화곡동
2151,여관업,방화동
2152,여관업,화곡동
2153,여관업,화곡동
2154,여관업,화곡동
2155,여관업,화곡동
2156,여관업,화곡동
2157,여관업,화곡동
2158,여인숙업,방화동
2159,여관업,수색동
2160,여인숙업,대조동
2161,여관업,갈현동
2162,여관업,갈현동
2163,여관업,녹번동
2164,여관업,응암동
2165,여관업,불광동
2166,여관업,대조동
2167,여관업,대조동
2168,여관업,응암동
2169,여관업,불광동
2170,여관업,응암동
2171,여관업,갈현동
2172,여관업,대조동
2173,여관업,응암동
2174,여관업,대조동
2175,여인숙업,응암동
2176,여관업,불광동
2177,여관업,대조동
2178,여관업,역촌동
2179,여관업,수색동
2180,여관업,대조동
2181,여관업,응암동
2182,여관업,응암동
2183,여관업,대조동
2184,여인숙업,대조동
2185,여관업,응암동
2186,여관업,역촌동
2187,여관업,응암동
2188,여관업,대조동
2189,여관업,대조동
2190,여관업,대조동
2191,여관업,응암동
2192,여인숙업,대조동
2193,여관업,응암동
2194,여관업,불광동
2195,여관업,응암동
2196,여관업,수색동
2197,여관업,녹번동
2198,여관업,갈현동
2199,여관업,대조동
2200,여관업,구산동
2201,여관업,대조동
2202,여관업,수색동
2203,여관업,녹번동
2204,여관업,대조동
2205,여관업,녹번동
2206,여관업,신사동
2207,여관업,역촌동
2208,여관업,응암동
2209,여관업,녹번동
2210,여관업,갈현동
2211,여관업,대조동
2212,여관업,불광동
2213,여관업,갈현동
2214,관광호텔,불광동
2215,여관업,불광동
2216,여관업,불광동
2217,여관업,불광동
2218,여관업,수색동
2219,여관업,대조동
2220,여관업,대조동
2221,여관업,응암동
2222,여관업,대조동
2223,여관업,응암동
2224,여관업,불광동
2225,여관업,대조동
2226,여관업,불광동
2227,여관업,응암동
2228,여관업,대조동
2229,여관업,불광동
2230,여관업,대조동
2231,일반호텔,대조동
2232,여관업,응암동
2233,여관업,불광동
2234,여관업,대조동
2235,여관업,대조동
2236,여관업,불광동
2237,관광호텔,불광동
2238,여관업,대조동
2239,여관업,대조동
2240,여관업,대조동
2241,관광호텔,녹번동
2242,관광호텔,응암동
2243,관광호텔,응암동
2244,관광호텔,불광동
2245,관광호텔,갈현동
2246,여인숙업,천연동
2247,여인숙업,홍제동
2248,여관업,북아현동
2249,여관업,홍제동
2250,여관업,천연동
2251,여인숙업,홍제동
2252,여인숙업,창천동
2253,여인숙업,홍제동
2254,여인숙업,홍제동
2255,여인숙업,홍은동
2256,여인숙업,북아현동
2257,여인숙업,남가좌동
2258,여인숙업,창천동
2259,여인숙업,냉천동
2260,여인숙업,북아현동
2261,여인숙업,홍제동
2262,여인숙업,홍제동
2263,여관업,남가좌동
2264,여관업,남가좌동
2265,여인숙업,홍은동
2266,여인숙업,미근동
2267,여인숙업,홍제동
2268,여인숙업,홍은동
2269,여인숙업,냉천동
2270,여관업,창천동
2271,여인숙업,홍제동
2272,여관업,창천동
2273,여인숙업,홍제동
2274,여인숙업,홍제동
2275,여관업,창천동
2276,여인숙업,홍은동
2277,여인숙업,남가좌동
2278,여인숙업,홍제동
2279,여인숙업,남가좌동
2280,여인숙업,남가좌동
2281,여인숙업,남가좌동
2282,여인숙업,옥천동
2283,여관업,창천동
2284,여관업,북가좌동
2285,여관업,연희동
2286,여관업,북가좌동
2287,여인숙업,연희동
2288,여관업,창천동
2289,여관업,홍은동
2290,여관업,북가좌동
2291,여관업,북가좌동
2292,여관업,창천동
2293,여관업,남가좌동
2294,여관업,남가좌동
2295,여관업,대현동
2296,관광호텔,홍은동
2297,여관업,대현동
2298,여관업,대현동
2299,일반호텔,창천동
2300,여관업,창천동
2301,여관업,창천동
2302,여관업,창천동
2303,여관업,창천동
2304,여관업,창천동
2305,여관업,대현동
2306,여관업,창천동
2307,여관업,창천동
2308,일반호텔,대현동
2309,여관업,창천동
2310,일반호텔,창천동
2311,여관업,창천동
2312,여관업,창천동
2313,여관업,창천동
2314,여관업,창천동
2315,여관업,창천동
2316,여관업,창천동
2317,일반호텔,창천동
2318,여관업,창천동
2319,여관업,창천동
2320,여관업,창천동
2321,일반호텔,창천동
2322,일반호텔,창천동
2323,여관업,창천동
2324,여관업,대현동
2325,일반호텔,창천동
2326,여관업,창천동
2327,여인숙업,구로동
2328,여인숙업,가리봉동
2329,여인숙업,가리봉동
2330,여인숙업,가리봉동
2331,여인숙업,가리봉동
2332,여인숙업,가리봉동
2333,여인숙업,가리봉동
2334,여인숙업,가리봉동
2335,여인숙업,가리봉동
2336,여인숙업,가리봉동
2337,여인숙업,구로동
2338,여인숙업,가리봉동
2339,여인숙업,구로동
2340,여인숙업,구로동
2341,여인숙업,구로동
2342,여인숙업,구로동
2343,여인숙업,구로동
2344,여인숙업,가리봉동
2345,여인숙업,가리봉동
2346,여인숙업,구로동
2347,여인숙업,가리봉동
2348,여인숙업,가리봉동
2349,여인숙업,구로동
2350,여인숙업,구로동
2351,여인숙업,가리봉동
2352,여인숙업,가리봉동
2353,여인숙업,구로동
2354,여인숙업,가리봉동
2355,여인숙업,구로동
2356,여인숙업,구로동
2357,여인숙업,구로동
2358,여관업,구로동
2359,여인숙업,가리봉동
2360,여인숙업,구로동
2361,여인숙업,구로동
2362,여인숙업,가리봉동
2363,여인숙업,신도림동
2364,여관업,개봉동
2365,여관업,구로동
2366,여관업,개봉동
2367,여인숙업,고척동
2368,여관업,개봉동
2369,여관업,개봉동
2370,여관업,가리봉동
2371,여관업,개봉동
2372,여관업,구로동
2373,여관업,개봉동
2374,여관업,구로동
2375,여관업,고척동
2376,여인숙업,구로동
2377,여인숙업,고척동
2378,여인숙업,구로동
2379,여인숙업,가리봉동
2380,여인숙업,구로동
2381,여인숙업,가리봉동
2382,여인숙업,구로동
2383,여관업,구로동
2384,여관업,구로동
2385,여관업,가리봉동
2386,여관업,가리봉동
2387,여관업,가리봉동
2388,여관업,구로동
2389,여인숙업,구로동
2390,여인숙업,구로동
2391,여인숙업,구로동
2392,여인숙업,가리봉동
2393,여인숙업,가리봉동
2394,여인숙업,구로동
2395,여관업,구로동
2396,여관업,개봉동
2397,여관업,구로동
2398,여관업,오류동
2399,여관업,오류동
2400,여인숙업,구로동
2401,여관업,오류동
2402,여관업,오류동
2403,여관업,구로동
2404,여관업,오류동
2405,여관업,구로동
2406,여관업,오류동
2407,여관업,구로동
2408,여관업,오류동
2409,여관업,구로동
2410,여관업,오류동
2411,여관업,오류동
2412,여관업,오류동
2413,여관업,오류동
2414,여관업,구로동
2415,여관업,오류동
2416,여관업,구로동
2417,여관업,구로동
2418,여인숙업,구로동
2419,여관업,구로동
2420,여관업,구로동
2421,여관업,오류동
2422,여관업,가리봉동
2423,여관업,구로동
2424,여관업,구로동
2425,여인숙업,구로동
2426,여인숙업,고척동
2427,여관업,구로동
2428,여관업,구로동
2429,여관업,오류동
2430,여관업,오류동
2431,여관업,오류동
2432,여관업,오류동
2433,여관업,오류동
2434,일반호텔,오류동
2435,관광호텔,구로동
2436,숙박업 기타,오류동
2437,관광호텔,신도림동
2438,여관업,독산동
2439,여관업,잠실동
2440,여관업,잠실동
2441,여관업,방이동
2442,여관업,방이동
2443,여관업,잠실동
2444,여관업,방이동
2445,여관업,방이동
2446,일반호텔,잠실동
2447,일반호텔,방이동
2448,여관업,잠실동
2449,여관업,방이동
2450,일반호텔,방이동
2451,여관업,방이동
2452,여관업,거여동
2453,여관업,방이동
2454,여관업,잠실동
2455,여관업,방이동
2456,여관업,잠실동
2457,여관업,방이동
2458,관광호텔,가락동
2459,여관업,잠실동
2460,여관업,방이동
2461,일반호텔,방이동
2462,여관업,방이동
2463,여관업,방이동
2464,일반호텔,잠실동
2465,일반호텔,방이동
2466,여관업,방이동
2467,여관업,잠실동
2468,여관업,잠실동
2469,여관업,잠실동
2470,일반호텔,방이동
2471,관광호텔,잠실동
2472,관광호텔,석촌동
2473,숙박업 기타,삼전동
2474,숙박업 기타,삼전동
2475,관광호텔,방이동
2476,관광호텔,신천동
2477,관광호텔,문정동
2478,여관업,천호동
2479,여관업,천호동
2480,여관업,천호동
2481,여관업,천호동
2482,여관업,천호동
2483,여관업,암사동
2484,여관업,천호동
2485,여관업,성내동
2486,여관업,암사동
2487,여관업,천호동
2488,여관업,암사동
2489,일반호텔,천호동
2490,여관업,명일동
2491,여관업,성내동
2492,여관업,천호동
2493,여관업,천호동
2494,여관업,천호동
2495,여관업,명일동
2496,여관업,천호동
2497,여관업,천호동
2498,여관업,천호동
2499,여관업,천호동
2500,여관업,길동
2501,여관업,길동
2502,여관업,길동
2503,여관업,길동
2504,여관업,길동
2505,여관업,천호동
2506,여관업,길동
2507,여관업,길동
2508,여관업,길동
2509,여관업,천호동
2510,여관업,길동
2511,여관업,길동
2512,여관업,길동
2513,여관업,길동
2514,여관업,길동
2515,여관업,천호동
2516,여관업,천호동
2517,여관업,천호동
2518,여관업,천호동
2519,여인숙업,천호동
2520,여인숙업,천호동
2521,여관업,천호동
2522,여관업,천호동
2523,여관업,천호동
2524,여관업,암사동
2525,여관업,명일동
2526,여관업,천호동
2527,여관업,천호동
2528,여관업,길동
2529,여관업,둔촌동
2530,일반호텔,천호동
2531,여관업,암사동
2532,여관업,천호동
2533,여인숙업,천호동
2534,여관업,천호동
2535,여인숙업,천호동
2536,여관업,천호동
2537,여관업,천호동
2538,여인숙업,천호동
2539,여관업,길동
2540,여관업,천호동
2541,여관업,천호동
2542,여관업,천호동
2543,여관업,천호동
2544,여관업,천호동
2545,여관업,길동
2546,여관업,천호동
2547,여관업,천호동
2548,여관업,길동
2549,일반호텔,길동
2550,여관업,암사동
2551,여관업,천호동
2552,여관업,천호동
2553,여관업,천호동
2554,여관업,길동
2555,여관업,길동
2556,여관업,길동
2557,여관업,길동
2558,여관업,천호동
2559,여관업,둔촌동
2560,여관업,천호동
2561,여관업,천호동
2562,여관업,길동
2563,여관업,천호동
2564,관광호텔,길동
2565,여관업,천호동
2566,여관업,암사동
2567,여관업,천호동
2568,여관업,천호동
2569,여관업,천호동
2570,여관업,천호동
2571,여관업,천호동
2572,여관업,길동
2573,여관업,길동
2574,여관업,길동
2575,여관업,둔촌동
2576,여관업,길동
2577,일반호텔,길동
2578,일반호텔,길동
2579,일반호텔,천호동
2580,관광호텔,성내동
2581,여관업,천호동
2582,여관업,천호동
2583,여관업,천호동
2584,여관업,길동
2585,여관업,천호동
2586,여관업,천호동
2587,여관업,천호동
2588,여관업,길동
2589,여관업,천호동
2590,여관업,성내동
2591,여관업,길동
2592,여관업,길동
2593,관광호텔,천호동
2594,관광호텔,길동
2595,숙박업(생활),수송동
2596,숙박업(생활),익선동
2597,숙박업(생활),낙원동
2598,숙박업(생활),관수동
2599,숙박업(생활),관철동
2600,숙박업(생활),창신동
2601,숙박업(생활),황학동
2602,숙박업(생활),중림동
2603,숙박업(생활),황학동
2604,숙박업(생활),황학동
2605,숙박업(생활),충무로5가
2606,숙박업(생활),충무로5가
2607,숙박업(생활),황학동
2608,숙박업(생활),대현동
2609,숙박업(생활),노고산동
2610,숙박업(생활),노고산동
2611,숙박업(생활),성산동
2612,숙박업(생활),동교동
2613,숙박업(생활),화곡동
2614,숙박업(생활),마곡동
2615,숙박업(생활),마곡동
2616,숙박업(생활),공항동
2617,숙박업(생활),오류동
2618,숙박업(생활),오류동
2619,숙박업(생활),영등포동
2620,여관업,방이동
2621,여관업,잠실동
2622,관광호텔,잠실동
2623,여관업,방이동
2624,여관업,방이동
2625,여관업,방이동
2626,여관업,방이동
2627,관광호텔,가락동
2628,관광호텔,잠실동
2629,여관업,방이동
2630,여관업,가락동
2631,일반호텔,방이동
2632,여관업,방이동
2633,여관업,잠실동
2634,일반호텔,방이동
2635,여관업,방이동
2636,여관업,방이동
2637,여관업,방이동
2638,여관업,방이동
2639,여관업,방이동
2640,여관업,방이동
2641,일반호텔,잠실동
2642,여관업,방이동
2643,여관업,방이동
2644,여관업,방이동
2645,여관업,방이동
2646,여관업,잠실동
2647,여관업,방이동
2648,여관업,방이동
2649,일반호텔,방이동
2650,일반호텔,방이동
2651,관광호텔,석촌동
2652,여관업,잠실동
2653,여관업,방이동
2654,일반호텔,방이동
2655,여관업,잠실동
2656,여관업,마천동
2657,여관업,석촌동
2658,여관업,방이동
2659,여관업,방이동
2660,여관업,잠실동
2661,여관업,방이동
2662,여관업,방이동
2663,여관업,방이동
2664,여관업,방이동
2665,여관업,방이동
2666,관광호텔,방이동
2667,여관업,방이동
2668,여관업,방이동
2669,여관업,방이동
2670,여관업,잠실동
2671,여관업,방이동
2672,여관업,잠실동
2673,일반호텔,방이동
2674,관광호텔,방이동
2675,여인숙업,방배동
2676,일반호텔,서초동
2677,일반호텔,서초동
2678,일반호텔,서초동
2679,일반호텔,서초동
2680,관광호텔,서초동
2681,여관업,서초동
2682,관광호텔,잠원동
2683,관광호텔,서초동
2684,관광호텔,서초동
2685,숙박업 기타,서초동
2686,관광호텔,서초동
2687,숙박업 기타,방배동
2688,관광호텔,서초동
2689,관광호텔,서초동
2690,여관업,역삼동
2691,관광호텔,논현동
2692,여관업,역삼동
2693,여관업,역삼동
2694,여관업,역삼동
2695,여관업,역삼동
2696,관광호텔,논현동
2697,일반호텔,삼성동
2698,여관업,역삼동
2699,여관업,신사동
2700,여관업,삼성동
2701,관광호텔,역삼동
2702,일반호텔,삼성동
2703,여관업,역삼동
2704,여관업,삼성동
2705,여관업,삼성동
2706,여관업,논현동
2707,여관업,삼성동
2708,여관업,신사동
2709,여관업,역삼동
2710,여관업,신사동
2711,여관업,역삼동
2712,여관업,신사동
2713,관광호텔,역삼동
2714,일반호텔,청담동
2715,여관업,신사동
2716,여관업,역삼동
2717,여관업,역삼동
2718,여관업,논현동
2719,여관업,삼성동
2720,관광호텔,역삼동
2721,여관업,역삼동
2722,관광호텔,역삼동
2723,여관업,논현동
2724,여관업,역삼동
2725,여관업,논현동
2726,여관업,도곡동
2727,여관업,역삼동
2728,여관업,역삼동
2729,관광호텔,삼성동
2730,관광호텔,논현동
2731,관광호텔,삼성동
2732,관광호텔,청담동
2733,여관업,논현동
2734,여관업,역삼동
2735,여관업,역삼동
2736,여관업,역삼동
2737,관광호텔,신사동
2738,관광호텔,삼성동
2739,관광호텔,청담동
2740,여관업,역삼동
2741,여관업,역삼동
2742,관광호텔,논현동
2743,관광호텔,논현동
2744,일반호텔,역삼동
2745,관광호텔,신사동
2746,여관업,역삼동
2747,일반호텔,역삼동
2748,여관업,역삼동
2749,관광호텔,역삼동
2750,관광호텔,논현동
2751,관광호텔,청담동
2752,여관업,논현동
2753,일반호텔,역삼동
2754,여관업,역삼동
2755,관광호텔,삼성동
2756,여관업,대치동
2757,관광호텔,대치동
2758,관광호텔,삼성동
2759,일반호텔,역삼동
2760,여관업,삼성동
2761,일반호텔,삼성동
2762,여관업,역삼동
2763,여관업,역삼동
2764,여관업,역삼동
2765,여관업,역삼동
2766,여관업,역삼동
2767,여관업,삼성동
2768,여관업,삼성동
2769,여관업,역삼동
2770,여관업,대치동
2771,여관업,역삼동
2772,관광호텔,역삼동
2773,여관업,역삼동
2774,여관업,논현동
2775,여관업,역삼동
2776,여관업,역삼동
2777,관광호텔,대치동
2778,일반호텔,대치동
2779,여관업,역삼동
2780,여관업,삼성동
2781,숙박업(생활),당산동
2782,숙박업(생활),문래동
2783,숙박업(생활),영등포동
2784,숙박업(생활),영등포동
2785,숙박업(생활),신림동
2786,숙박업(생활),서초동
2787,숙박업(생활),서초동
2788,숙박업(생활),서초동
2789,숙박업(생활),서초동
2790,숙박업(생활),서초동
2791,숙박업(생활),역삼동
2792,숙박업(생활),논현동
2793,숙박업(생활),논현동
2794,여관업,신림동
2795,여관업,신림동
2796,여관업,신림동
2797,여관업,신림동
2798,여관업,신림동
2799,여관업,신림동
2800,여관업,신림동
2801,여관업,신림동
2802,여관업,신림동
2803,여인숙업,봉천동
2804,일반호텔,봉천동
2805,여관업,신림동
2806,여관업,봉천동
2807,여관업,봉천동
2808,여관업,신림동
2809,여관업,신림동
2810,여관업,신림동
2811,여관업,신림동
2812,여관업,봉천동
2813,여관업,신림동
2814,여관업,신림동
2815,여관업,신림동
2816,여관업,신림동
2817,여관업,봉천동
2818,여관업,봉천동
2819,일반호텔,봉천동
2820,여관업,신림동
2821,여관업,신림동
2822,여관업,신림동
2823,여관업,봉천동
2824,여관업,신림동
2825,일반호텔,봉천동
2826,여관업,신림동
2827,여관업,신림동
2828,일반호텔,봉천동
2829,여관업,신림동
2830,여관업,신림동
2831,여관업,신림동
2832,여관업,신림동
2833,여관업,신림동
2834,여관업,신림동
2835,여관업,봉천동
2836,여관업,신림동
2837,여관업,신림동
2838,여관업,봉천동
2839,여관업,봉천동
2840,여관업,신림동
2841,여관업,신림동
2842,여관업,남현동
2843,여관업,봉천동
2844,여관업,신림동
2845,일반호텔,남현동
2846,여관업,신림동
2847,여관업,신림동
2848,여관업,신림동
2849,여관업,신림동
2850,여인숙업,신림동
2851,여인숙업,신림동
2852,여관업,남현동
2853,여관업,남현동
2854,여관업,남현동
2855,여관업,봉천동
2856,여관업,봉천동
2857,여관업,봉천동
2858,여관업,봉천동
2859,여관업,신림동
2860,여관업,신림동
2861,여관업,봉천동
2862,여관업,신림동
2863,여관업,신림동
2864,여관업,신림동
2865,여관업,신림동
2866,여관업,신림동
2867,여관업,신림동
2868,여인숙업,None
2869,여관업,신림동
2870,여관업,봉천동
2871,여관업,남현동
2872,여관업,신림동
2873,여관업,남현동
2874,여관업,신림동
2875,여관업,신림동
2876,여관업,남현동
2877,여관업,봉천동
2878,여관업,신림동
2879,여관업,신림동
2880,여관업,봉천동
2881,여관업,신림동
2882,여관업,신림동
2883,여관업,신림동
2884,여관업,신림동
2885,여관업,신림동
2886,여관업,신림동
2887,여관업,신림동
2888,여관업,신림동
2889,여관업,신림동
2890,여관업,신림동
2891,여관업,신림동
2892,여관업,신림동
2893,여관업,신림동
2894,여관업,신림동
2895,여관업,신림동
2896,여관업,봉천동
2897,여인숙업,신림동
2898,여관업,봉천동
2899,여관업,남현동
2900,여관업,신림동
2901,여관업,신림동
2902,여관업,신림동
2903,여관업,신림동
2904,일반호텔,봉천동
2905,여인숙업,신림동
2906,일반호텔,봉천동
2907,여관업,남현동
2908,여관업,봉천동
2909,여관업,신림동
2910,숙박업 기타,신림동
2911,관광호텔,신림동
2912,여관업,신림동
2913,여관업,신림동
2914,관광호텔,신림동
2915,관광호텔,신림동
2916,관광호텔,신림동
2917,관광호텔,신림동
2918,여인숙업,방배동
2919,여인숙업,방배동
2920,여관업,잠원동
2921,여관업,양재동
2922,여관업,반포동
2923,일반호텔,잠원동
2924,여관업,서초동
2925,여관업,방배동
2926,여관업,방배동
2927,여관업,방배동
2928,여관업,방배동
2929,관광호텔,잠원동
2930,여관업,방배동
2931,여관업,방배동
2932,여관업,반포동
2933,일반호텔,잠원동
2934,여관업,방배동
2935,여관업,방배동
2936,일반호텔,방배동
2937,여관업,방배동
2938,여관업,방배동
2939,일반호텔,반포동
2940,여관업,잠원동
2941,관광호텔,반포동
2942,관광호텔,양재동
2943,일반호텔,서초동
2944,일반호텔,서초동
2945,관광호텔,서초동
2946,여관업,서초동
2947,여관업,서초동
2948,숙박업 기타,서초동
2949,일반호텔,서초동
2950,일반호텔,서초동
2951,관광호텔,반포동
2952,여관업,반포동
2953,여관업,서초동
2954,여관업,서초동
2955,일반호텔,서초동
2956,관광호텔,서초동
2957,일반호텔,서초동
2958,일반호텔,서초동
2959,일반호텔,잠원동
2960,여관업,방배동
2961,일반호텔,서초동
2962,일반호텔,서초동
2963,일반호텔,서초동
2964,일반호텔,서초동
2965,일반호텔,서초동
2966,일반호텔,서초동
2967,일반호텔,서초동
2968,일반호텔,서초동
2969,일반호텔,서초동
2970,여관업,영등포동
2971,여관업,영등포동
2972,여관업,영등포동
2973,여관업,영등포동
2974,여관업,당산동
2975,여관업,당산동
2976,여관업,None
2977,여관업,당산동
2978,여관업,당산동
2979,여관업,당산동
2980,여관업,당산동
2981,여관업,당산동
2982,여관업,도림동
2983,여관업,문래동
2984,여인숙업,양평동
2985,여관업,양평동
2986,여관업,양평동
2987,여관업,양평동
2988,여관업,None
2989,여관업,양평동
2990,여관업,양평동
2991,여관업,양평동
2992,여관업,양평동
2993,여관업,신길동
2994,여관업,신길동
2995,여관업,신길동
2996,여인숙업,신길동
2997,여관업,신길동
2998,여인숙업,신길동
2999,여인숙업,신길동
3000,여관업,신길동
3001,여인숙업,신길동
3002,여인숙업,신길동
3003,여관업,신길동
3004,여관업,신길동
3005,여관업,신길동
3006,여관업,신길동
3007,여인숙업,신길동
3008,여인숙업,신길동
3009,여관업,None
3010,여인숙업,대림동
3011,여관업,대림동
3012,여관업,대림동
3013,여관업,대림동
3014,여인숙업,대림동
3015,여인숙업,대림동
3016,여인숙업,대림동
3017,여인숙업,영등포동
3018,여관업,영등포동
3019,관광호텔,여의도동
3020,관광호텔,여의도동
3021,여관업,양평동
3022,여인숙업,신길동
3023,일반호텔,여의도동
3024,여관업,영등포동
3025,여관업,영등포동
3026,여관업,영등포동
3027,여관업,영등포동
3028,여관업,영등포동
3029,여관업,영등포동
3030,여관업,영등포동
3031,여인숙업,영등포동
3032,일반호텔,영등포동
3033,관광호텔,영등포동
3034,일반호텔,여의도동
3035,여관업,영등포동
3036,일반호텔,여의도동
3037,여관업,영등포동
3038,여관업,영등포동
3039,여관업,영등포동
3040,일반호텔,영등포동
3041,여관업,영등포동
3042,일반호텔,영등포동
3043,일반호텔,영등포동
3044,일반호텔,영등포동
3045,여관업,영등포동
3046,관광호텔,여의도동
3047,관광호텔,여의도동
3048,여관업,영등포동
3049,여인숙업,당산동
3050,일반호텔,여의도동
3051,여관업,영등포동
3052,여관업,영등포동
3053,관광호텔,영등포동
3054,여관업,여의도동
3055,관광호텔,영등포동
3056,관광호텔,여의도동
3057,여관업,영등포동
3058,숙박업 기타,양평동
3059,관광호텔,당산동
3060,숙박업 기타,영등포동
3061,숙박업 기타,영등포동
3062,일반호텔,영등포동
3063,관광호텔,양평동
3064,관광호텔,여의도동
3065,관광호텔,양평동
3066,일반호텔,영등포동
3067,관광호텔,당산동
3068,관광호텔,양평동
3069,관광호텔,양평동
3070,관광호텔,영등포동
3071,일반호텔,영등포동
3072,여관업,영등포동
3073,일반호텔,영등포동
3074,관광호텔,영등포동
3075,관광호텔,신길동
3076,관광호텔,영등포동
3077,관광호텔,영등포동
3078,여인숙업,영등포동
3079,여관업,상도동
3080,여관업,흑석동
3081,여관업,흑석동
3082,여관업,노량진동
3083,여관업,노량진동
3084,여관업,노량진동
3085,여관업,노량진동
3086,여관업,본동
3087,여관업,상도동
3088,여인숙업,사당동
3089,여관업,사당동
3090,여관업,상도1동
3091,여관업,대방동
3092,여관업,노량진동
3093,여관업,흑석동
3094,여인숙업,사당동
3095,여인숙업,사당동
3096,여인숙업,사당동
3097,여인숙업,신대방동
3098,여관업,상도동
3099,여관업,노량진동
3100,여관업,흑석동
3101,여관업,노량진동
3102,여인숙업,상도동
3103,여인숙업,상도동
3104,여인숙업,노량진동
3105,여인숙업,노량진동
3106,여인숙업,사당동
3107,여관업,신대방동
3108,여인숙업,노량진동
3109,여관업,사당동
3110,여관업,상도동
3111,여관업,신대방동
3112,여관업,노량진동
3113,여관업,상도동
3114,여관업,신대방동
3115,여관업,노량진동
3116,여인숙업,노량진동
3117,여관업,노량진동
3118,여관업,상도동
3119,여관업,대방동
3120,여관업,노량진동
3121,여인숙업,사당동
3122,여인숙업,흑석동
3123,여관업,사당동
3124,여관업,대방동
3125,여관업,사당동
3126,여관업,상도동
3127,여관업,상도동
3128,여관업,신대방동
3129,여인숙업,신대방동
3130,여관업,신대방동
3131,여관업,사당동
3132,일반호텔,역삼동
3133,일반호텔,역삼동
3134,여관업,삼성동
3135,여관업,역삼동
3136,관광호텔,논현동
3137,여관업,역삼동
3138,여관업,역삼동
3139,여관업,역삼동
3140,여관업,역삼동
3141,관광호텔,논현동
3142,관광호텔,대치동
3143,일반호텔,논현동
3144,여관업,대치동
3145,일반호텔,역삼동
3146,여관업,대치동
3147,여관업,논현동
3148,일반호텔,청담동
3149,관광호텔,역삼동
3150,여관업,역삼동
3151,여관업,삼성동
3152,일반호텔,역삼동
3153,관광호텔,논현동
3154,일반호텔,역삼동
3155,여관업,역삼동
3156,일반호텔,삼성동
3157,관광호텔,역삼동
3158,여관업,삼성동
3159,여관업,삼성동
3160,관광호텔,역삼동
3161,관광호텔,삼성동
3162,관광호텔,역삼동
3163,관광호텔,역삼동
3164,관광호텔,역삼동
3165,일반호텔,역삼동
3166,관광호텔,청담동
3167,관광호텔,역삼동
3168,관광호텔,신사동
3169,관광호텔,개포동
3170,숙박업 기타,역삼동
3171,관광호텔,역삼동
3172,관광호텔,역삼동
3173,숙박업 기타,역삼동
3174,일반호텔,대치동
3175,관광호텔,논현동
3176,관광호텔,논현동
3177,관광호텔,논현동
3178,관광호텔,삼성동
3179,관광호텔,삼성동
3180,관광호텔,논현동
3181,관광호텔,역삼동
3182,일반호텔,역삼동
3183,일반호텔,역삼동
3184,관광호텔,역삼동
3185,관광호텔,역삼동
3186,일반호텔,삼성동
3187,관광호텔,신사동
3188,관광호텔,역삼동
3189,관광호텔,역삼동
3190,관광호텔,삼성동
3191,숙박업 기타,역삼동
3192,관광호텔,논현동
3193,일반호텔,개포동
3194,여인숙업,마천동
3195,여인숙업,마천동
3196,여인숙업,거여동
3197,여관업,석촌동
3198,여관업,거여동
3199,여관업,삼전동
3200,여관업,삼전동
3201,여관업,삼전동
3202,여관업,삼전동
3203,여관업,방이동
3204,여관업,잠실동
3205,여관업,삼전동
3206,여관업,잠실동
3207,여관업,잠실동
3208,여관업,삼전동
3209,여관업,석촌동
3210,여관업,방이동
3211,여관업,방이동
